UDI,Product ID,Type,Air temperature [K],Process temperature [K],Rotational speed [rpm],Torque [Nm],Tool wear [min],Target,Failure Type
9000,L56179,L,297.1,307.9,1492,39.4,171,0,No Failure
9001,L56180,L,297,307.9,1493,46.1,173,0,No Failure
9002,L56181,L,297,307.8,1500,39.9,175,0,No Failure
9003,L56182,L,297.1,307.8,1477,36.6,177,0,No Failure
9004,L56183,L,297.1,307.9,1342,49.1,179,0,No Failure
9005,M23864,M,297.1,307.8,1538,34.3,181,0,No Failure
9006,L56185,L,297.2,307.9,1337,58.1,184,0,No Failure
9007,L56186,L,297.3,307.9,1417,41.8,186,0,No Failure
9008,L56187,L,297.4,308,1383,46.2,188,0,No Failure
9009,M23868,M,297.4,308,1440,42.4,190,0,No Failure
9010,L56189,L,297.3,307.9,1579,34.4,193,0,No Failure
9011,L56190,L,297.2,307.9,1441,40,195,0,No Failure
9012,M23871,M,297.2,307.9,1530,35.9,197,0,No Failure
9013,L56192,L,297.2,308,1705,26,200,0,No Failure
9014,H38427,H,297.2,308,1435,43,202,0,No Failure
9015,M23874,M,297.2,308.1,1340,61.3,207,1,Overstrain Failure
9016,L56195,L,297.2,308.1,1431,49.7,210,1,No Failure
9017,L56196,L,297.3,308.2,1396,52.7,212,1,Overstrain Failure
9018,M23877,M,297.3,308.1,1369,52,214,0,No Failure
9019,L56198,L,297.3,308.1,1615,35.4,217,1,Tool Wear Failure
9020,L56199,L,297.2,308.1,1662,31.3,0,0,No Failure
9021,L56200,L,297.3,308.2,1553,33.5,2,0,No Failure
9022,M23881,M,297.4,308.2,1536,34.6,4,0,No Failure
9023,L56202,L,297.4,308.3,1548,46.6,7,0,No Failure
9024,L56203,L,297.4,308.3,1706,30.9,9,0,No Failure
9025,L56204,L,297.4,308.3,1366,45.5,11,0,No Failure
9026,L56205,L,297.5,308.4,1440,35.9,13,0,No Failure
9027,M23886,M,297.5,308.4,1685,28.1,15,0,No Failure
9028,M23887,M,297.4,308.3,1444,44,18,0,No Failure
9029,L56208,L,297.4,308.3,1395,48.7,21,0,No Failure
9030,L56209,L,297.4,308.3,1483,38.8,23,0,No Failure
9031,M23890,M,297.5,308.4,1403,44.3,25,0,No Failure
9032,H38445,H,297.5,308.4,1793,23.9,28,0,No Failure
9033,L56212,L,297.4,308.3,1723,28.8,33,0,No Failure
9034,L56213,L,297.4,308.2,1386,41,35,0,No Failure
9035,H38448,H,297.4,308.2,1585,46.2,37,0,No Failure
9036,M23895,M,297.3,308.1,1731,27.7,42,0,No Failure
9037,L56216,L,297.3,308.3,1519,37.7,45,0,No Failure
9038,L56217,L,297.3,308.2,1896,24.4,47,0,No Failure
9039,L56218,L,297.3,308.3,2358,14.9,49,0,No Failure
9040,M23899,M,297.3,308.3,1341,51.9,51,0,No Failure
9041,L56220,L,297.3,308.3,1550,37,54,0,No Failure
9042,L56221,L,297.3,308.3,1309,61.5,56,0,No Failure
9043,M23902,M,297.3,308.4,1599,32.9,58,0,No Failure
9044,L56223,L,297.4,308.4,1343,40,61,0,No Failure
9045,L56224,L,297.4,308.4,1378,39.9,63,0,No Failure
9046,L56225,L,297.4,308.4,1603,34.6,65,0,No Failure
9047,L56226,L,297.4,308.4,1664,28.1,67,0,No Failure
9048,L56227,L,297.3,308.4,1488,37.4,69,0,No Failure
9049,M23908,M,297.3,308.4,1370,50.5,71,0,No Failure
9050,L56229,L,297.3,308.5,1545,34.3,74,0,No Failure
9051,M23910,M,297.4,308.5,1566,31.4,76,0,No Failure
9052,L56231,L,297.4,308.6,1820,24.6,79,0,No Failure
9053,M23912,M,297.4,308.6,1901,22.1,81,0,No Failure
9054,M23913,M,297.4,308.5,1638,32.2,84,0,No Failure
9055,M23914,M,297.3,308.4,1521,38.2,87,0,No Failure
9056,H38469,H,297.3,308.4,1864,23.1,90,0,No Failure
9057,L56236,L,297.3,308.3,1430,41.9,95,0,No Failure
9058,M23917,M,297.3,308.4,1686,34.5,97,0,No Failure
9059,M23918,M,297.2,308.3,1326,57.2,100,0,No Failure
9060,L56239,L,297.2,308.3,1805,25.6,103,0,No Failure
9061,H38474,H,297.2,308.3,1453,45.8,105,0,No Failure
9062,M23921,M,297.2,308.4,1863,26,110,0,No Failure
9063,L56242,L,297.2,308.3,1576,35.3,113,0,No Failure
9064,L56243,L,297.2,308.3,1419,39.7,115,0,No Failure
9065,L56244,L,297.2,308.4,1833,25.2,117,0,No Failure
9066,H38479,H,297.2,308.4,2182,17.3,119,0,No Failure
9067,L56246,L,297.2,308.3,1656,30.3,124,0,No Failure
9068,L56247,L,297.1,308.2,1351,56.6,126,0,No Failure
9069,H38482,H,297.1,308.2,1790,30.3,128,0,No Failure
9070,M23929,M,297.2,308.2,1678,28.1,133,0,No Failure
9071,L56250,L,297.1,308.2,1427,45.2,136,0,No Failure
9072,L56251,L,297,308.1,1429,54,138,0,No Failure
9073,H38486,H,297.2,308.1,1770,27.2,140,0,No Failure
9074,L56253,L,297.2,308.1,1689,31.2,145,0,No Failure
9075,M23934,M,297.2,308.1,1554,41.3,147,0,No Failure
9076,L56255,L,297.3,308.1,1506,36,150,0,No Failure
9077,L56256,L,297.2,308.1,1474,44.3,152,0,No Failure
9078,L56257,L,297.3,308.1,1762,26.1,154,0,No Failure
9079,L56258,L,297.3,308.1,1566,35.7,156,0,No Failure
9080,H38493,H,297.3,308.1,1554,42.4,158,0,No Failure
9081,L56260,L,297.2,308,1869,25.4,163,0,No Failure
9082,L56261,L,297.3,308,1527,35.1,165,0,No Failure
9083,L56262,L,297.2,307.9,1309,49.6,167,0,No Failure
9084,M23943,M,297.2,307.9,1541,35.7,169,0,No Failure
9085,L56264,L,297.2,307.9,1326,75.4,172,1,Power Failure
9086,H38499,H,297.1,307.9,1365,54,174,0,No Failure
9087,L56266,L,297.1,307.8,1428,43.7,179,0,No Failure
9088,L56267,L,297.1,307.8,1681,27.6,181,0,No Failure
9089,M23948,M,297.1,307.9,1662,26.9,183,0,No Failure
9090,L56269,L,297.2,307.9,1989,20.3,186,0,No Failure
9091,M23950,M,297.2,307.9,1747,29,188,0,No Failure
9092,M23951,M,297.2,308,1765,31.1,191,0,No Failure
9093,L56272,L,297.3,308.1,1568,34.4,194,0,No Failure
9094,M23953,M,297.3,308.1,1709,30.6,196,0,No Failure
9095,M23954,M,297.3,308.1,1370,58.8,199,0,No Failure
9096,L56275,L,297.3,308.1,1458,45.7,202,0,No Failure
9097,L56276,L,297.2,308.1,1712,30.9,204,0,No Failure
9098,L56277,L,297.3,308.1,1642,36.9,206,0,No Failure
9099,L56278,L,297.3,308.1,1468,49.8,0,0,No Failure
9100,H38513,H,297.3,308.1,1477,52.3,2,0,No Failure
9101,L56280,L,297.3,308.2,1446,53.5,7,0,No Failure
9102,H38515,H,297.3,308.2,1653,31.4,9,0,No Failure
9103,L56282,L,297.3,308.3,1494,38.2,14,0,No Failure
9104,L56283,L,297.3,308.2,1490,41,16,0,No Failure
9105,M23964,M,297.4,308.3,1550,47.8,18,0,No Failure
9106,M23965,M,297.3,308.2,1677,34.9,21,0,No Failure
9107,L56286,L,297.4,308.3,1854,21.8,24,0,No Failure
9108,M23967,M,297.5,308.5,1662,30.3,26,0,No Failure
9109,M23968,M,297.5,308.6,1440,38.8,29,0,No Failure
9110,L56289,L,297.5,308.6,1513,39.7,32,0,No Failure
9111,M23970,M,297.6,308.6,1389,49,34,0,No Failure
9112,L56291,L,297.6,308.6,1351,51,37,0,No Failure
9113,M23972,M,297.6,308.6,1482,38.3,39,0,No Failure
9114,L56293,L,297.6,308.6,1744,28.5,42,0,No Failure
9115,L56294,L,297.6,308.7,1476,39,44,0,No Failure
9116,M23975,M,297.6,308.6,1444,48.2,46,0,No Failure
9117,H38530,H,297.6,308.7,1659,32.1,49,0,No Failure
9118,M23977,M,297.6,308.7,1475,46.6,54,0,No Failure
9119,L56298,L,297.6,308.6,1526,42.1,57,0,No Failure
9120,M23979,M,297.4,308.4,1675,29.5,59,0,No Failure
9121,L56300,L,297.4,308.4,1525,38.7,62,0,No Failure
9122,L56301,L,297.3,308.3,1396,45.9,64,0,No Failure
9123,L56302,L,297.4,308.4,1580,41.2,66,0,No Failure
9124,L56303,L,297.4,308.5,1462,42.8,68,0,No Failure
9125,L56304,L,297.4,308.4,1426,50.4,70,0,No Failure
9126,L56305,L,297.4,308.5,1569,34.2,72,0,No Failure
9127,L56306,L,297.4,308.5,1477,40.7,74,0,No Failure
9128,L56307,L,297.4,308.5,1761,27.2,76,0,No Failure
9129,M23988,M,297.5,308.6,1486,45.9,78,0,No Failure
9130,L56309,L,297.6,308.6,1664,30.1,81,0,No Failure
9131,L56310,L,297.6,308.6,1576,32.7,83,0,No Failure
9132,H38545,H,297.6,308.6,1463,46.7,85,0,No Failure
9133,M23992,M,297.6,308.6,1585,42,90,0,No Failure
9134,L56313,L,297.7,308.7,1479,45.7,93,0,No Failure
9135,L56314,L,297.7,308.7,1449,40.2,95,0,No Failure
9136,H38549,H,297.7,308.8,1404,50.3,97,0,No Failure
9137,L56316,L,297.7,308.7,1694,29.1,102,0,No Failure
9138,L56317,L,297.7,308.7,1731,28.4,104,0,No Failure
9139,L56318,L,297.6,308.6,1522,37,106,0,No Failure
9140,L56319,L,297.5,308.5,1536,36.9,108,0,No Failure
9141,L56320,L,297.5,308.5,1373,39.9,110,0,No Failure
9142,L56321,L,297.5,308.5,1597,36.4,112,0,No Failure
9143,L56322,L,297.6,308.5,1678,34.2,114,0,No Failure
9144,L56323,L,297.6,308.5,1452,42.6,116,0,No Failure
9145,M24004,M,297.5,308.5,1447,41.6,118,0,No Failure
9146,L56325,L,297.6,308.5,1574,37.1,121,0,No Failure
9147,L56326,L,297.6,308.6,1528,40,123,0,No Failure
9148,L56327,L,297.7,308.7,1688,27.2,125,0,No Failure
9149,L56328,L,297.6,308.6,1393,40.4,127,0,No Failure
9150,M24009,M,297.5,308.6,1429,50.5,129,0,No Failure
9151,M24010,M,297.5,308.6,1347,57,132,0,No Failure
9152,L56331,L,297.6,308.6,1553,40.5,135,0,No Failure
9153,L56332,L,297.5,308.6,1260,53.6,137,0,No Failure
9154,L56333,L,297.5,308.6,1546,33.8,139,0,No Failure
9155,L56334,L,297.5,308.6,1596,36,141,0,No Failure
9156,L56335,L,297.5,308.5,1340,57.4,143,0,No Failure
9157,M24016,M,297.5,308.4,1369,54.8,145,0,No Failure
9158,L56337,L,297.5,308.5,1462,52.3,148,0,No Failure
9159,H38572,H,297.4,308.4,1487,46.2,150,0,No Failure
9160,M24019,M,297.5,308.6,1510,35.5,155,0,No Failure
9161,H38574,H,297.5,308.5,1671,28,158,0,No Failure
9162,M24021,M,297.5,308.5,1612,30,163,0,No Failure
9163,M24022,M,297.6,308.6,1509,39.7,166,0,No Failure
9164,L56343,L,297.6,308.6,1415,47.3,169,0,No Failure
9165,L56344,L,297.6,308.6,2384,14.4,171,0,No Failure
9166,L56345,L,297.6,308.6,1326,62.4,173,0,No Failure
9167,M24026,M,297.6,308.6,1390,53.4,175,0,No Failure
9168,M24027,M,297.6,308.7,1392,41.2,178,0,No Failure
9169,H38582,H,297.6,308.8,1385,44.4,181,0,No Failure
9170,L56349,L,297.7,308.8,1896,24.5,186,0,No Failure
9171,L56350,L,297.7,308.7,1474,46.8,188,0,No Failure
9172,M24031,M,297.7,308.8,1388,45.6,190,0,No Failure
9173,L56352,L,297.7,308.9,1715,27.2,193,0,No Failure
9174,H38587,H,297.8,308.9,1650,32.2,195,0,No Failure
9175,L56354,L,297.8,308.9,1871,25.6,200,1,Tool Wear Failure
9176,L56355,L,297.8,309,1403,64.2,0,1,Power Failure
9177,L56356,L,297.8,308.9,1518,40.4,2,0,No Failure
9178,L56357,L,297.9,309.1,1504,43,4,0,No Failure
9179,L56358,L,297.8,309,1340,56.9,6,0,No Failure
9180,H38593,H,297.9,309.1,1435,44.7,8,0,No Failure
9181,L56360,L,297.9,309.1,1507,36.9,13,0,No Failure
9182,L56361,L,297.9,309.1,1521,36.1,15,0,No Failure
9183,M24042,M,297.8,309,1576,45,17,0,No Failure
9184,L56363,L,297.9,309.1,1543,36.6,20,0,No Failure
9185,L56364,L,298,309.2,1665,36.6,22,0,No Failure
9186,L56365,L,297.9,309.1,1442,50.3,24,0,No Failure
9187,L56366,L,297.9,309,1629,29,26,0,No Failure
9188,L56367,L,297.9,309,1379,47.3,28,0,No Failure
9189,L56368,L,297.9,309,1502,40.2,30,0,No Failure
9190,L56369,L,297.9,309.1,1595,32,32,0,No Failure
9191,M24050,M,298,309,1439,38.5,34,0,No Failure
9192,M24051,M,297.9,309,1970,21.6,37,0,No Failure
9193,L56372,L,297.9,309,1562,35.8,40,0,No Failure
9194,M24053,M,297.9,309,1530,40.9,42,0,No Failure
9195,L56374,L,297.9,308.9,1393,40.6,45,0,No Failure
9196,L56375,L,297.9,309,1532,37.6,47,0,No Failure
9197,L56376,L,298,308.9,1607,37.7,49,0,No Failure
9198,M24057,M,297.9,308.8,1469,49,51,0,No Failure
9199,M24058,M,297.9,308.8,1538,37.6,54,0,No Failure
9200,L56379,L,297.9,308.8,1613,31.4,57,0,No Failure
9201,M24060,M,297.9,308.8,1602,32.1,59,0,No Failure
9202,L56381,L,297.8,308.7,1404,44.2,62,0,No Failure
9203,L56382,L,297.8,308.8,1548,36.9,64,0,No Failure
9204,L56383,L,297.8,308.8,1559,35.2,66,0,No Failure
9205,L56384,L,297.8,308.8,1621,36.1,68,0,No Failure
9206,L56385,L,297.8,308.8,1579,32.9,70,0,No Failure
9207,M24066,M,297.9,308.9,1547,44,72,0,No Failure
9208,L56387,L,297.9,308.8,1386,48.6,75,0,No Failure
9209,L56388,L,298,308.9,1406,40.9,77,0,No Failure
9210,M24069,M,298,309,1393,55.9,79,0,No Failure
9211,M24070,M,297.9,309,2456,13.9,82,0,No Failure
9212,M24071,M,298,309,1409,49.1,85,0,No Failure
9213,L56392,L,298,308.9,1390,53.9,88,0,No Failure
9214,L56393,L,298,309,1679,32.4,90,0,No Failure
9215,L56394,L,298,308.9,1508,37.1,92,0,No Failure
9216,L56395,L,297.9,308.8,1681,31.7,94,0,No Failure
9217,H38630,H,297.7,308.8,1469,43.7,96,0,No Failure
9218,L56397,L,297.8,308.8,1421,49.6,101,0,No Failure
9219,L56398,L,297.7,308.8,1354,50.2,103,0,No Failure
9220,M24079,M,297.7,308.8,1350,57,105,0,No Failure
9221,L56400,L,297.8,308.9,1282,58.1,108,0,No Failure
9222,M24081,M,297.8,309,1675,30,110,0,No Failure
9223,M24082,M,297.9,309,1525,38.5,113,0,No Failure
9224,L56403,L,297.9,309,1382,43.9,116,0,No Failure
9225,L56404,L,297.9,309,1450,46.8,118,0,No Failure
9226,L56405,L,298,309.1,1820,23.6,120,0,No Failure
9227,L56406,L,298,309.1,1822,23.5,122,0,No Failure
9228,L56407,L,298,309.1,1473,44.3,124,0,No Failure
9229,M24088,M,298.1,309.1,1572,37.5,126,0,No Failure
9230,M24089,M,298.1,309,2042,17.8,129,0,No Failure
9231,L56410,L,298.2,309.2,1922,22.6,132,0,No Failure
9232,L56411,L,298.2,309.1,1539,36.5,134,0,No Failure
9233,L56412,L,298.2,309.1,1350,52,136,0,No Failure
9234,L56413,L,298.3,309.1,1403,45.1,138,0,No Failure
9235,L56414,L,298.3,309.1,1904,20.3,140,0,No Failure
9236,M24095,M,298.2,308.9,1592,35.2,142,0,No Failure
9237,L56416,L,298.1,308.7,1556,31.6,145,0,No Failure
9238,M24097,M,298.1,308.8,1811,25.4,147,0,No Failure
9239,M24098,M,298.2,308.8,1456,41.2,150,0,No Failure
9240,H38653,H,298.2,308.8,1436,51.9,153,0,No Failure
9241,M24100,M,298.1,308.7,1362,49.6,158,0,No Failure
9242,L56421,L,298.1,308.7,1683,29.1,161,0,No Failure
9243,M24102,M,298.2,308.7,1269,60.9,163,0,No Failure
9244,L56423,L,298.3,308.8,1454,49,166,0,No Failure
9245,L56424,L,298.3,308.8,1767,27.3,168,0,No Failure
9246,L56425,L,298.3,308.9,1708,27.3,170,0,No Failure
9247,L56426,L,298.3,308.9,1862,27,172,0,No Failure
9248,L56427,L,298.3,308.9,1695,30.7,174,0,No Failure
9249,M24108,M,298.3,309.1,1488,40.6,176,0,No Failure
9250,L56429,L,298.3,309,1657,32.2,179,0,No Failure
9251,H38664,H,298.3,309,1823,25.9,181,0,No Failure
9252,M24111,M,298.2,309.1,1651,28.8,186,0,No Failure
9253,M24112,M,298.1,309,1533,36.1,189,0,No Failure
9254,M24113,M,298.2,309,1508,40.5,192,0,No Failure
9255,L56434,L,298.3,309.1,1616,31.1,195,0,No Failure
9256,L56435,L,298.2,309,1651,31.5,197,0,No Failure
9257,L56436,L,298.2,309.1,1569,35.2,199,0,No Failure
9258,M24117,M,298.3,309.1,1296,58.7,201,0,No Failure
9259,H38672,H,298.3,309,1379,43.2,0,0,No Failure
9260,M24119,M,298.2,309,1694,28,5,0,No Failure
9261,L56440,L,298.2,309,1377,57.8,8,0,No Failure
9262,H38675,H,298.3,309,1470,38.4,10,0,No Failure
9263,M24122,M,298.3,309.1,1404,47,15,0,No Failure
9264,L56443,L,298.3,309.1,1593,40.1,18,0,No Failure
9265,M24124,M,298.3,309,1526,36.9,20,0,No Failure
9266,M24125,M,298.3,308.9,1390,49.7,23,0,No Failure
9267,L56446,L,298.2,308.9,1737,25.5,26,0,No Failure
9268,L56447,L,298.2,308.8,1362,57.3,28,0,No Failure
9269,L56448,L,298.2,308.8,1666,31.5,30,0,No Failure
9270,L56449,L,298.2,308.8,1354,60.9,32,0,No Failure
9271,L56450,L,298.2,308.8,1302,60.4,34,0,No Failure
9272,L56451,L,298.2,308.7,1991,20.5,36,0,No Failure
9273,L56452,L,298.2,308.6,1353,54.1,38,0,No Failure
9274,H38687,H,298.2,308.7,1520,35.7,40,0,No Failure
9275,L56454,L,298.2,308.7,1428,54.9,45,0,No Failure
9276,L56455,L,298.2,308.7,1605,29.4,47,0,No Failure
9277,L56456,L,298.1,308.7,1691,30.3,49,0,No Failure
9278,L56457,L,298.2,308.7,1447,48.4,51,0,No Failure
9279,H38692,H,298.2,308.8,1606,39.9,53,0,No Failure
9280,M24139,M,298.2,308.8,1645,28.2,58,0,No Failure
9281,H38694,H,298.2,308.8,1470,43.3,61,0,No Failure
9282,L56461,L,298.2,308.9,1336,45,66,0,No Failure
9283,M24142,M,298.2,308.9,1414,44.3,68,0,No Failure
9284,M24143,M,298.3,309,1802,27.5,71,0,No Failure
9285,L56464,L,298.2,308.9,1683,31.7,74,0,No Failure
9286,M24145,M,298.2,309,1410,47.6,76,0,No Failure
9287,L56466,L,298.2,308.9,1605,32,79,0,No Failure
9288,L56467,L,298.2,308.9,1709,28.1,81,0,No Failure
9289,L56468,L,298.2,308.9,1444,53.1,83,0,No Failure
9290,L56469,L,298.2,308.9,1367,45,85,0,No Failure
9291,L56470,L,298.2,309,1418,44.2,87,0,No Failure
9292,L56471,L,298.2,309,1353,57.8,89,0,No Failure
9293,L56472,L,298.2,309,1643,34.1,91,0,No Failure
9294,L56473,L,298.3,309.1,1437,38,93,0,No Failure
9295,L56474,L,298.1,309,1437,36.2,95,0,No Failure
9296,M24155,M,298.2,309,1413,47.9,97,0,No Failure
9297,H38710,H,298.2,309,1524,39.1,100,0,No Failure
9298,M24157,M,298.1,308.9,1479,43.4,105,0,No Failure
9299,L56478,L,298.1,308.9,1313,50.6,108,0,No Failure
9300,M24159,M,298.1,308.9,1335,50.4,110,0,No Failure
9301,L56480,L,298.1,308.9,1367,41.9,113,0,No Failure
9302,M24161,M,298.1,308.9,1459,50.3,115,0,No Failure
9303,M24162,M,298.1,308.9,1804,25.1,118,0,No Failure
9304,L56483,L,298.2,309,1491,38.3,121,0,No Failure
9305,L56484,L,298.3,309.1,1537,43,123,0,No Failure
9306,H38719,H,298.3,309.1,1646,30.2,125,0,No Failure
9307,M24166,M,298.3,309.2,1783,28.3,130,0,No Failure
9308,L56487,L,298.3,309.1,1395,49.8,133,0,No Failure
9309,L56488,L,298.4,309.1,1423,48,135,0,No Failure
9310,L56489,L,298.3,309.2,1562,37.6,137,0,No Failure
9311,L56490,L,298.4,309.3,1549,40.8,139,0,No Failure
9312,L56491,L,298.4,309.4,1540,43.2,141,0,No Failure
9313,H38726,H,298.5,309.4,1573,33.6,143,0,No Failure
9314,L56493,L,298.5,309.4,1418,45.1,148,0,No Failure
9315,M24174,M,298.5,309.4,1565,33.7,150,0,No Failure
9316,L56495,L,298.5,309.5,1569,41,153,0,No Failure
9317,H38730,H,298.5,309.4,1417,41.2,155,0,No Failure
9318,L56497,L,298.5,309.5,1480,38.1,160,0,No Failure
9319,L56498,L,298.5,309.4,1364,44.5,162,0,No Failure
9320,L56499,L,298.5,309.4,1911,21.5,164,0,No Failure
9321,L56500,L,298.4,309.3,1409,43.1,166,0,No Failure
9322,L56501,L,298.4,309.2,1335,53.5,168,0,No Failure
9323,M24182,M,298.5,309.3,1512,38.1,170,0,No Failure
9324,L56503,L,298.6,309.4,1447,40.2,173,0,No Failure
9325,L56504,L,298.6,309.3,1537,37.6,175,0,No Failure
9326,M24185,M,298.6,309.3,1510,40.8,177,0,No Failure
9327,L56506,L,298.6,309.3,1677,31.2,180,0,No Failure
9328,L56507,L,298.5,309.2,1504,33.7,182,0,No Failure
9329,H38742,H,298.5,309.1,2051,19,184,0,No Failure
9330,L56509,L,298.5,309.1,1474,41.3,189,0,No Failure
9331,M24190,M,298.4,309,1507,36.1,191,0,No Failure
9332,L56511,L,298.4,308.9,1496,37.9,194,0,No Failure
9333,M24192,M,298.5,309,1921,22,196,0,No Failure
9334,L56513,L,298.5,309,1450,40.5,199,0,No Failure
9335,L56514,L,298.4,308.9,1402,44.8,201,0,No Failure
9336,L56515,L,298.4,308.9,1501,50,203,0,No Failure
9337,L56516,L,298.5,308.9,1725,31.9,205,0,No Failure
9338,H38751,H,298.5,308.9,1500,40.3,207,0,No Failure
9339,H38752,H,298.5,309,1531,30.8,212,0,No Failure
9340,L56519,L,298.5,309,1458,44.8,217,0,No Failure
9341,H38754,H,298.4,308.9,1577,37.1,0,0,No Failure
9342,M24201,M,298.3,308.9,1363,46.1,5,0,No Failure
9343,H38756,H,298.3,308.9,1706,31.8,8,0,No Failure
9344,M24203,M,298.3,308.8,1391,50.4,13,0,No Failure
9345,L56524,L,298.2,308.8,1616,33.7,16,0,No Failure
9346,L56525,L,298.2,308.8,1442,47,18,0,No Failure
9347,M24206,M,298.2,308.8,1626,40.4,20,0,No Failure
9348,M24207,M,298.2,308.7,1426,42.6,23,0,No Failure
9349,L56528,L,298.2,308.7,1436,49.1,26,0,No Failure
9350,M24209,M,298.2,308.7,1599,36.2,28,0,No Failure
9351,L56530,L,298.2,308.7,2186,17.8,31,0,No Failure
9352,L56531,L,298.3,308.8,1645,30.4,33,0,No Failure
9353,L56532,L,298.2,308.7,1780,27.9,35,0,No Failure
9354,L56533,L,298.2,308.8,1345,44.3,37,0,No Failure
9355,M24214,M,298.2,308.8,1607,31.9,39,0,No Failure
9356,L56535,L,298.3,308.9,1708,28,42,0,No Failure
9357,L56536,L,298.3,308.9,1270,52.7,44,0,No Failure
9358,M24217,M,298.3,308.9,1646,25.4,46,0,No Failure
9359,L56538,L,298.2,308.7,1407,45.1,49,0,No Failure
9360,M24219,M,298.1,308.7,1581,47.4,51,0,No Failure
9361,L56540,L,298,308.6,1532,42.6,54,0,No Failure
9362,L56541,L,298,308.6,1610,33.1,56,0,No Failure
9363,M24222,M,298,308.5,1682,33,58,0,No Failure
9364,L56543,L,297.9,308.5,1519,34.3,61,0,No Failure
9365,L56544,L,297.9,308.5,1683,28.5,63,0,No Failure
9366,M24225,M,298,308.6,1254,55.8,65,0,No Failure
9367,L56546,L,298,308.5,1461,48,68,0,No Failure
9368,L56547,L,297.9,308.5,1472,45.1,70,0,No Failure
9369,L56548,L,297.7,308.4,1510,38.6,72,0,No Failure
9370,M24229,M,297.7,308.3,1547,36.8,74,0,No Failure
9371,H38784,H,297.7,308.4,1418,51.9,77,0,No Failure
9372,L56551,L,297.7,308.4,1289,51.3,82,0,No Failure
9373,L56552,L,297.7,308.4,1487,41.4,84,0,No Failure
9374,L56553,L,297.7,308.5,1453,45.5,86,0,No Failure
9375,M24234,M,297.8,308.5,1466,44.7,88,0,No Failure
9376,H38789,H,297.7,308.4,1288,49.5,91,0,No Failure
9377,H38790,H,297.7,308.4,1738,27.7,96,0,No Failure
9378,H38791,H,297.7,308.3,1488,41,101,0,No Failure
9379,L56558,L,297.6,308.3,1816,28.8,106,0,No Failure
9380,L56559,L,297.5,308.2,1419,48.5,108,0,No Failure
9381,L56560,L,297.4,308.1,1435,45.7,110,0,No Failure
9382,M24241,M,297.5,308.1,1480,42.4,112,0,No Failure
9383,L56562,L,297.5,308.2,1610,33.6,115,0,No Failure
9384,H38797,H,297.5,308.1,1548,38.2,117,0,No Failure
9385,M24244,M,297.6,308.1,1379,57.4,122,0,No Failure
9386,M24245,M,297.5,308.1,1907,23.5,125,0,No Failure
9387,M24246,M,297.5,308,2033,16.7,128,0,No Failure
9388,H38801,H,297.4,307.9,1390,52,131,0,No Failure
9389,M24248,M,297.5,307.9,1544,37.9,136,0,No Failure
9390,L56569,L,297.6,308,1258,57.4,139,0,No Failure
9391,M24250,M,297.5,308,1560,39,141,0,No Failure
9392,H38805,H,297.6,308.2,2071,18.5,144,0,No Failure
9393,L56572,L,297.6,308.1,1437,46.3,149,0,No Failure
9394,H38807,H,297.7,308.2,1489,43,151,0,No Failure
9395,L56574,L,297.7,308.2,1334,53,156,0,No Failure
9396,L56575,L,297.7,308.2,1500,39.9,158,0,No Failure
9397,L56576,L,297.8,308.3,1498,47.3,160,0,No Failure
9398,M24257,M,297.7,308.2,1370,53.4,162,0,No Failure
9399,H38812,H,297.7,308.2,1526,40.1,165,0,No Failure
9400,L56579,L,297.8,308.3,1477,44.8,170,0,No Failure
9401,L56580,L,297.7,308.2,1446,43.9,172,0,No Failure
9402,M24261,M,297.7,308.2,1720,25.6,174,0,No Failure
9403,L56582,L,297.7,308.1,1734,30.7,177,0,No Failure
9404,L56583,L,297.7,308.1,1697,29.1,179,0,No Failure
9405,L56584,L,297.7,308.2,2007,19.3,181,0,No Failure
9406,M24265,M,297.7,308.1,1469,48.8,183,0,No Failure
9407,M24266,M,297.7,308.1,2189,15.6,186,0,No Failure
9408,L56587,L,297.8,308.3,1435,50.1,189,0,No Failure
9409,H38822,H,297.9,308.4,1637,34.5,191,0,No Failure
9410,L56589,L,298,308.5,1664,28.3,196,0,No Failure
9411,M24270,M,298,308.5,1666,31,198,0,No Failure
9412,L56591,L,298,308.5,1404,46.6,201,0,No Failure
9413,L56592,L,298,308.5,1702,26.7,203,0,No Failure
9414,L56593,L,298.1,308.6,1439,44.9,205,0,No Failure
9415,L56594,L,298.1,308.6,1354,53.9,207,1,Overstrain Failure
9416,M24275,M,298.2,308.7,1361,44.2,0,0,No Failure
9417,M24276,M,298.1,308.5,1463,45.9,3,0,No Failure
9418,H38831,H,298.1,308.4,1515,43.8,6,0,No Failure
9419,L56598,L,298,308.4,1432,46.2,11,0,No Failure
9420,L56599,L,298,308.4,1911,22,13,0,No Failure
9421,L56600,L,298,308.4,1472,42,15,0,No Failure
9422,M24281,M,298.1,308.5,1382,54.5,17,0,No Failure
9423,L56602,L,298.1,308.5,1665,29.6,20,0,No Failure
9424,L56603,L,298.1,308.5,1676,30.5,22,0,No Failure
9425,M24284,M,298,308.5,1585,33,24,0,No Failure
9426,M24285,M,298.1,308.6,1415,46.3,27,0,No Failure
9427,L56606,L,298.1,308.7,1341,55.7,30,0,No Failure
9428,L56607,L,298.2,308.8,1540,34.8,32,0,No Failure
9429,H38842,H,298.2,308.8,1837,28.4,34,0,No Failure
9430,L56609,L,298.2,308.8,1498,36,39,0,No Failure
9431,L56610,L,298.1,308.7,1671,28.8,41,0,No Failure
9432,L56611,L,298,308.6,1430,57,43,0,No Failure
9433,L56612,L,298,308.7,1619,40.1,45,0,No Failure
9434,M24293,M,298,308.7,1430,51.9,47,0,No Failure
9435,L56614,L,298,308.6,1626,33.3,50,0,No Failure
9436,L56615,L,298,308.7,1443,49.3,52,0,No Failure
9437,L56616,L,298,308.6,1481,42.5,54,0,No Failure
9438,M24297,M,298.1,308.7,1527,43,56,0,No Failure
9439,M24298,M,298.1,308.7,1315,56.8,59,0,No Failure
9440,M24299,M,298.1,308.8,1433,48.2,62,0,No Failure
9441,M24300,M,298.1,308.8,1378,53.5,65,0,No Failure
9442,L56621,L,298.1,308.8,1432,43.4,68,0,No Failure
9443,M24302,M,298.1,308.8,1394,47.9,70,0,No Failure
9444,H38857,H,298,308.8,1411,53.8,73,0,No Failure
9445,L56624,L,298.1,308.9,2136,15.9,78,0,No Failure
9446,M24305,M,298.2,309,1446,45.8,80,0,No Failure
9447,H38860,H,298.1,308.9,1388,53.5,83,0,No Failure
9448,M24307,M,298.1,308.9,1323,51.7,88,0,No Failure
9449,L56628,L,298.2,309,1780,29.3,91,0,No Failure
9450,M24309,M,298.1,308.8,1434,41.8,93,0,No Failure
9451,M24310,M,298,308.7,1494,42.6,96,0,No Failure
9452,H38865,H,298,308.7,1536,39.6,99,0,No Failure
9453,M24312,M,298,308.7,1392,53.4,104,0,No Failure
9454,H38867,H,298.2,309,1360,56.8,107,0,No Failure
9455,L56634,L,298.4,309.2,1583,35.4,112,0,No Failure
9456,L56635,L,298.5,309.2,1983,20.2,114,0,No Failure
9457,L56636,L,298.5,309.3,1630,33.3,116,0,No Failure
9458,M24317,M,298.5,309.3,1692,26.7,118,0,No Failure
9459,L56638,L,298.4,309.1,1417,40.6,121,0,No Failure
9460,L56639,L,298.4,309.1,1579,36.1,123,0,No Failure
9461,M24320,M,298.4,309.2,1399,45.2,125,0,No Failure
9462,M24321,M,298.4,309.2,1414,46.4,128,0,No Failure
9463,L56642,L,298.5,309.3,1570,40.1,131,0,No Failure
9464,M24323,M,298.5,309.3,1552,36.8,133,0,No Failure
9465,L56644,L,298.6,309.4,1440,48.2,136,0,No Failure
9466,M24325,M,298.6,309.4,1460,43.8,138,0,No Failure
9467,L56646,L,298.6,309.4,1471,48,141,0,No Failure
9468,L56647,L,298.6,309.3,1702,27.6,143,0,No Failure
9469,L56648,L,298.6,309.4,1375,55.4,145,0,No Failure
9470,L56649,L,298.6,309.4,1698,33.2,147,0,No Failure
9471,H38884,H,298.6,309.4,1439,47.1,149,0,No Failure
9472,M24331,M,298.6,309.4,1774,27.5,154,0,No Failure
9473,M24332,M,298.7,309.4,1375,48.3,157,0,No Failure
9474,L56653,L,298.7,309.5,1446,40,160,0,No Failure
9475,M24334,M,298.7,309.6,1455,46.8,162,0,No Failure
9476,L56655,L,298.8,309.6,1523,41.9,165,0,No Failure
9477,M24336,M,298.8,309.6,1692,31.9,167,0,No Failure
9478,M24337,M,298.8,309.6,1693,33.3,170,0,No Failure
9479,L56658,L,298.8,309.6,1890,24,173,0,No Failure
9480,H38893,H,298.9,309.6,1600,33.5,175,0,No Failure
9481,M24340,M,298.9,309.6,1434,43.8,180,0,No Failure
9482,L56661,L,298.9,309.6,1365,50.9,183,0,No Failure
9483,H38896,H,298.8,309.6,1309,57.4,185,0,No Failure
9484,H38897,H,298.9,309.6,1546,35.3,190,0,No Failure
9485,L56664,L,298.9,309.6,1663,33.7,195,0,No Failure
9486,L56665,L,298.9,309.6,1589,34.2,197,0,No Failure
9487,M24346,M,298.9,309.6,1472,46,199,0,No Failure
9488,L56667,L,298.9,309.6,1583,39.8,202,0,No Failure
9489,M24348,M,298.9,309.6,1567,34.5,204,0,No Failure
9490,L56669,L,298.9,309.7,1407,41.9,207,0,No Failure
9491,M24350,M,299,309.7,1418,44.7,209,0,No Failure
9492,M24351,M,299,309.7,1489,40.7,212,0,No Failure
9493,L56672,L,299.1,309.9,1586,36.6,215,0,No Failure
9494,L56673,L,299.1,309.8,1398,55.4,217,1,Overstrain Failure
9495,L56674,L,299.2,309.9,1516,41.4,219,0,No Failure
9496,H38909,H,299.3,310,1373,44.8,221,0,No Failure
9497,M24356,M,299.2,310,1349,50.4,226,0,No Failure
9498,H38911,H,299.1,309.9,1443,40.3,0,0,No Failure
9499,H38912,H,299.2,310.1,1542,36.1,5,0,No Failure
9500,L56679,L,299.2,310.1,1534,37.7,10,0,No Failure
9501,L56680,L,299.2,310.2,1697,30.6,12,0,No Failure
9502,L56681,L,299.3,310.3,1396,47.4,14,0,No Failure
9503,L56682,L,299.3,310.2,1495,49.2,16,0,No Failure
9504,M24363,M,299.2,310.3,1551,44.8,18,0,No Failure
9505,L56684,L,299.2,310.3,1440,47,21,0,No Failure
9506,L56685,L,299.2,310.3,1429,40.1,23,0,No Failure
9507,H38920,H,299.3,310.4,1548,41.6,25,0,No Failure
9508,L56687,L,299.3,310.5,1505,38.8,30,0,No Failure
9509,L56688,L,299.2,310.4,1611,36.4,32,0,No Failure
9510,M24369,M,299.2,310.4,1502,39.8,34,0,No Failure
9511,M24370,M,299.2,310.4,1504,43.3,37,0,No Failure
9512,L56691,L,299.1,310.3,1449,40.7,40,0,No Failure
9513,L56692,L,299,310.2,1575,37.8,42,0,No Failure
9514,M24373,M,299,310.2,1598,33.4,44,0,No Failure
9515,L56694,L,299,310.1,1416,45.9,47,0,No Failure
9516,L56695,L,299,310.2,1682,28.8,49,0,No Failure
9517,L56696,L,298.9,310.1,1341,54.5,51,0,No Failure
9518,L56697,L,298.9,310.1,1523,39.1,53,0,No Failure
9519,L56698,L,299,310.1,1580,41.9,55,0,No Failure
9520,L56699,L,299,310.1,1531,36,57,0,No Failure
9521,L56700,L,299,310.1,1375,48.9,59,0,No Failure
9522,M24381,M,298.9,310.1,1484,40.4,61,0,No Failure
9523,M24382,M,299,310.2,1657,32.3,64,0,No Failure
9524,L56703,L,299,310.2,1494,40.6,67,0,No Failure
9525,H38938,H,299,310.3,1658,27.6,69,0,No Failure
9526,L56705,L,299.1,310.3,1411,42.1,74,0,No Failure
9527,M24386,M,299.2,310.4,1395,55.4,76,0,No Failure
9528,L56707,L,299.1,310.4,1550,43.9,79,0,No Failure
9529,M24388,M,299.1,310.3,1233,59,81,0,No Failure
9530,L56709,L,299.1,310.3,1459,46.7,84,0,No Failure
9531,H38944,H,299.1,310.4,1405,53.6,86,0,No Failure
9532,L56711,L,299.2,310.5,1458,44.1,91,0,No Failure
9533,L56712,L,299.2,310.5,1384,48.7,93,0,No Failure
9534,L56713,L,299.2,310.5,1705,29.5,95,0,No Failure
9535,L56714,L,299.3,310.6,1443,45.7,97,0,No Failure
9536,M24395,M,299.3,310.6,1609,31.4,99,0,No Failure
9537,L56716,L,299.3,310.5,1818,26,102,0,No Failure
9538,M24397,M,299.3,310.6,1457,42.1,104,0,No Failure
9539,L56718,L,299.3,310.6,1480,45.1,107,0,No Failure
9540,L56719,L,299.4,310.8,1424,47.7,109,0,No Failure
9541,M24400,M,299.4,310.8,1628,40.2,111,0,No Failure
9542,M24401,M,299.5,310.8,1754,31.3,114,0,No Failure
9543,L56722,L,299.6,310.9,1716,28.5,117,0,No Failure
9544,M24403,M,299.5,310.9,1378,48.7,119,0,No Failure
9545,L56724,L,299.6,311,1708,31,122,0,No Failure
9546,L56725,L,299.6,311,1430,38.3,124,0,No Failure
9547,M24406,M,299.7,311.2,1560,43.9,126,0,No Failure
9548,L56727,L,299.6,311.1,1679,30.7,129,0,No Failure
9549,L56728,L,299.6,311.1,1521,37.2,131,0,No Failure
9550,M24409,M,299.6,311.1,1649,33.8,133,0,No Failure
9551,M24410,M,299.5,311,1451,43.3,136,0,No Failure
9552,L56731,L,299.4,310.8,1391,48.9,139,0,No Failure
9553,M24412,M,299.3,310.8,1523,40.9,141,0,No Failure
9554,L56733,L,299.3,310.7,1495,39.2,144,0,No Failure
9555,M24414,M,299.3,310.7,1440,45.5,146,0,No Failure
9556,H38969,H,299.4,310.8,1585,31.4,149,0,No Failure
9557,L56736,L,299.5,310.8,1374,48.3,154,0,No Failure
9558,M24417,M,299.5,310.8,1507,40.2,156,0,No Failure
9559,M24418,M,299.5,310.9,1577,34.6,159,0,No Failure
9560,L56739,L,299.5,310.9,1496,38.5,162,0,No Failure
9561,L56740,L,299.6,310.9,1487,42.5,164,0,No Failure
9562,L56741,L,299.6,310.9,1853,26.3,166,0,No Failure
9563,M24422,M,299.7,311,1435,50.1,168,0,No Failure
9564,M24423,M,299.8,311.1,1763,25.5,171,0,No Failure
9565,L56744,L,299.8,311.1,1820,24.9,174,0,No Failure
9566,M24425,M,299.8,311.1,1498,38.1,176,0,No Failure
9567,L56746,L,299.8,311.1,1603,35.1,179,0,No Failure
9568,L56747,L,299.8,311.1,1412,42.5,181,0,No Failure
9569,L56748,L,299.8,311.1,1588,38,183,0,No Failure
9570,M24429,M,299.8,311,1948,20,185,0,No Failure
9571,L56750,L,299.7,310.9,1384,48.2,188,0,No Failure
9572,L56751,L,299.7,310.8,1589,36,190,0,No Failure
9573,M24432,M,299.7,310.8,1405,47.6,192,0,No Failure
9574,L56753,L,299.7,310.9,1491,40.1,195,0,No Failure
9575,H38988,H,299.7,310.8,1418,46.6,197,0,No Failure
9576,M24435,M,299.6,310.8,1603,35.4,202,0,No Failure
9577,L56756,L,299.6,310.7,1922,23.3,205,1,Tool Wear Failure
9578,M24437,M,299.5,310.7,1364,49.5,0,0,No Failure
9579,L56758,L,299.4,310.7,1551,41.2,3,0,No Failure
9580,L56759,L,299.5,310.7,1589,33.5,5,0,No Failure
9581,M24440,M,299.5,310.7,1423,56.5,7,0,No Failure
9582,L56761,L,299.4,310.6,1418,53.1,10,0,No Failure
9583,M24442,M,299.3,310.5,1404,47.5,12,0,No Failure
9584,L56763,L,299.3,310.5,1281,59.8,15,0,No Failure
9585,L56764,L,299.3,310.5,1529,41.3,17,0,No Failure
9586,M24445,M,299.3,310.5,1563,42.1,19,0,No Failure
9587,L56766,L,299.4,310.6,1348,54.5,22,0,No Failure
9588,M24447,M,299.3,310.5,1462,40.5,24,0,No Failure
9589,H39002,H,299.3,310.4,1510,45.5,27,0,No Failure
9590,L56769,L,299.2,310.4,1472,43.3,32,0,No Failure
9591,M24450,M,299.2,310.4,1325,52,34,0,No Failure
9592,L56771,L,299.2,310.4,1570,37.3,37,0,No Failure
9593,L56772,L,299.2,310.4,1379,46.8,39,0,No Failure
9594,L56773,L,299.1,310.2,1352,52.8,41,0,No Failure
9595,L56774,L,299.1,310.3,1727,28.7,43,0,No Failure
9596,H39009,H,299,310.1,1432,50,45,0,No Failure
9597,L56776,L,298.9,310.1,1466,43.4,50,0,No Failure
9598,L56777,L,298.9,310.1,1510,38,52,0,No Failure
9599,L56778,L,299,310.2,1490,41.1,54,0,No Failure
9600,L56779,L,299,310.1,1463,37.4,56,0,No Failure
9601,M24460,M,298.9,310,1561,45.3,58,0,No Failure
9602,L56781,L,298.9,310.1,2109,18,61,0,No Failure
9603,L56782,L,298.9,310.2,1705,32.5,63,0,No Failure
9604,M24463,M,298.9,310.1,1549,40.2,65,0,No Failure
9605,H39018,H,299,310.2,1637,38,68,0,No Failure
9606,M24465,M,298.9,310.1,1484,37.9,73,0,No Failure
9607,L56786,L,298.9,310.1,1401,44.4,76,0,No Failure
9608,L56787,L,298.9,310.1,1571,36.8,78,0,No Failure
9609,M24468,M,298.9,310.1,1513,41.5,80,0,No Failure
9610,L56789,L,299,310.1,1470,40.3,83,0,No Failure
9611,L56790,L,299,310.1,1505,41.3,85,0,No Failure
9612,L56791,L,299,310.2,1432,42.2,87,0,No Failure
9613,M24472,M,299,310.2,1625,31.8,89,0,No Failure
9614,L56793,L,299,310.2,1377,62.5,92,1,Power Failure
9615,M24474,M,299.1,310.3,1441,43.9,94,0,No Failure
9616,M24475,M,299,310.2,1564,39.9,97,0,No Failure
9617,L56796,L,298.9,310.1,1580,37.3,100,0,No Failure
9618,L56797,L,299,310.2,1516,35.3,102,0,No Failure
9619,L56798,L,299,310.1,1447,42.8,104,0,No Failure
9620,M24479,M,298.9,310,1323,52.9,106,0,No Failure
9621,L56800,L,298.9,310,1470,45.9,109,0,No Failure
9622,M24481,M,299,310,2049,19.5,111,0,No Failure
9623,L56802,L,298.9,310,1794,27.2,114,0,No Failure
9624,L56803,L,298.9,310.1,1356,47.8,116,0,No Failure
9625,H39038,H,299,310.1,1555,38.6,118,0,No Failure
9626,M24485,M,299,310.1,1487,47.5,123,0,No Failure
9627,M24486,M,299,310,1341,58.9,126,0,No Failure
9628,M24487,M,298.9,310,1487,36.6,129,0,No Failure
9629,H39042,H,299,310,1569,34.3,132,0,No Failure
9630,H39043,H,299,310.1,2053,19.7,137,0,No Failure
9631,L56810,L,299,310.1,1583,35.8,142,0,No Failure
9632,L56811,L,299,310,1672,33.2,144,0,No Failure
9633,M24492,M,299,310,1337,57.4,146,0,No Failure
9634,H39047,H,299.1,310.1,1421,41.2,149,0,No Failure
9635,L56814,L,299.1,310.2,1425,52.7,154,0,No Failure
9636,L56815,L,299.2,310.2,1609,33.2,156,0,No Failure
9637,L56816,L,299.2,310.3,1507,41.3,158,0,No Failure
9638,L56817,L,299.2,310.3,1463,38.9,160,0,No Failure
9639,H39052,H,299.3,310.4,1393,44.9,162,0,No Failure
9640,L56819,L,299.3,310.4,1725,26.8,167,0,No Failure
9641,L56820,L,299.4,310.5,1514,36.1,169,0,No Failure
9642,L56821,L,299.3,310.4,1365,53.9,171,0,No Failure
9643,L56822,L,299.4,310.5,1372,46.3,173,0,No Failure
9644,L56823,L,299.4,310.4,1509,40.6,175,0,No Failure
9645,L56824,L,299.3,310.4,1629,32.6,177,0,No Failure
9646,L56825,L,299.4,310.5,1749,28.1,179,0,No Failure
9647,L56826,L,299.4,310.4,1582,31.7,181,0,No Failure
9648,L56827,L,299.2,310.2,1458,47,183,0,No Failure
9649,L56828,L,299.1,310.1,1416,41.2,185,0,No Failure
9650,H39063,H,299.1,310,1657,33.1,187,0,No Failure
9651,M24510,M,299.1,310,1437,41.1,192,0,No Failure
9652,M24511,M,299.1,310,1580,36,195,0,No Failure
9653,M24512,M,299,310,1488,46.3,198,0,No Failure
9654,L56833,L,299,309.9,1373,55.7,201,1,Overstrain Failure
9655,L56834,L,299.1,310,1367,56.3,203,1,Overstrain Failure
9656,H39069,H,299.1,310,1431,49.5,205,0,No Failure
9657,L56836,L,299,310.1,1623,33,210,0,No Failure
9658,L56837,L,299,310,1484,39.6,212,0,No Failure
9659,L56838,L,299,309.9,1548,34.5,214,0,No Failure
9660,L56839,L,298.9,309.8,1287,61.9,216,1,Overstrain Failure
9661,M24520,M,298.9,309.8,1392,43.1,218,0,No Failure
9662,H39075,H,299,310,1458,44.9,221,0,No Failure
9663,M24522,M,299.1,310.1,1570,30.9,226,0,No Failure
9664,L56843,L,299.1,310.1,1435,48.8,229,1,Overstrain Failure
9665,L56844,L,299.1,310.2,1317,54.8,231,1,Overstrain Failure
9666,L56845,L,299.2,310.3,1610,33.3,233,0,No Failure
9667,M24526,M,299.1,310.3,1838,24,235,0,No Failure
9668,L56847,L,299.2,310.3,1352,48.9,238,1,Overstrain Failure
9669,L56848,L,299.1,310.3,1619,35.2,240,0,No Failure
9670,L56849,L,299.1,310.3,1619,31.1,242,0,No Failure
9671,L56850,L,299,310.2,1690,30.7,244,0,No Failure
9672,L56851,L,299,310.2,1412,44.1,246,0,No Failure
9673,H39086,H,299,310.2,1744,31.5,0,0,No Failure
9674,M24533,M,299,310.1,1593,35.4,5,0,No Failure
9675,L56854,L,299.1,310.2,1695,29.6,8,0,No Failure
9676,M24535,M,299,310.2,1298,57.2,10,0,No Failure
9677,L56856,L,299,310.1,1886,21.2,13,0,No Failure
9678,L56857,L,299,310.1,2033,19.3,15,0,No Failure
9679,M24538,M,299.1,310.2,1711,28.1,17,0,No Failure
9680,L56859,L,299.1,310.2,1598,33.4,20,0,No Failure
9681,L56860,L,299.1,310.1,1894,24.2,22,0,No Failure
9682,M24541,M,299.1,310.1,1412,44.4,24,0,No Failure
9683,L56862,L,299.1,310,1394,46.6,27,0,No Failure
9684,M24543,M,299,310,1338,56.4,29,0,No Failure
9685,H39098,H,298.9,309.9,1376,51,32,0,No Failure
9686,L56865,L,299,310,1360,48.1,37,0,No Failure
9687,L56866,L,299.1,310.1,1486,40.7,39,0,No Failure
9688,M24547,M,299.1,310.1,1649,31.6,41,0,No Failure
9689,L56868,L,299.1,310.1,1367,45.6,44,0,No Failure
9690,L56869,L,299,310.1,1362,59.5,46,0,No Failure
9691,M24550,M,298.9,310,1520,35.6,48,0,No Failure
9692,L56871,L,299,310,1582,31.9,51,0,No Failure
9693,M24552,M,299,310,1667,30,53,0,No Failure
9694,L56873,L,298.9,310,1693,28.8,56,0,No Failure
9695,L56874,L,298.9,310,1559,33.4,58,0,No Failure
9696,L56875,L,298.9,309.9,1592,32,60,0,No Failure
9697,L56876,L,298.9,309.9,1404,39.8,62,0,No Failure
9698,M24557,M,298.8,309.8,1413,45.5,64,0,No Failure
9699,L56878,L,298.8,309.8,1663,28.2,67,0,No Failure
9700,L56879,L,298.8,309.8,1508,36.3,69,0,No Failure
9701,M24560,M,298.9,309.8,1353,53.7,71,0,No Failure
9702,L56881,L,298.8,309.8,1485,42.4,74,0,No Failure
9703,L56882,L,298.9,310,1633,31.2,76,0,No Failure
9704,L56883,L,298.9,310,1422,43.6,78,0,No Failure
9705,L56884,L,298.9,310.1,1577,41.4,80,0,No Failure
9706,L56885,L,298.9,310,1482,41.1,82,0,No Failure
9707,M24566,M,299,310.1,1705,30.1,84,0,No Failure
9708,L56887,L,299,310.1,1699,32.9,87,0,No Failure
9709,L56888,L,299,310.1,1664,29.7,89,0,No Failure
9710,M24569,M,299,310,1486,34.6,91,0,No Failure
9711,L56890,L,299.1,310.1,1336,61.3,94,0,No Failure
9712,H39125,H,299.1,310.1,1429,42.9,96,0,No Failure
9713,M24572,M,299.1,310.2,1456,48.4,101,0,No Failure
9714,L56893,L,299.1,310.2,1496,45,104,0,No Failure
9715,L56894,L,299.1,310.1,1894,20.1,106,0,No Failure
9716,L56895,L,299.1,310.1,1373,55.6,108,0,No Failure
9717,H39130,H,299,310,1387,45.2,110,0,No Failure
9718,L56897,L,298.9,309.9,1500,44.2,115,0,No Failure
9719,L56898,L,298.9,309.9,1517,36.6,117,0,No Failure
9720,L56899,L,298.9,309.9,1309,56.2,119,0,No Failure
9721,M24580,M,298.9,309.9,1357,54.5,121,0,No Failure
9722,L56901,L,298.8,309.8,1490,40.6,124,0,No Failure
9723,H39136,H,298.8,309.8,1911,21.6,126,0,No Failure
9724,L56903,L,298.8,309.8,1599,33.6,131,0,No Failure
9725,M24584,M,298.8,309.7,2098,19,133,0,No Failure
9726,M24585,M,298.7,309.7,1629,27.9,136,0,No Failure
9727,L56906,L,298.8,309.8,1557,37.2,139,0,No Failure
9728,L56907,L,298.8,309.8,1461,39.4,141,0,No Failure
9729,L56908,L,298.8,309.8,1563,33.7,143,0,No Failure
9730,L56909,L,298.7,309.8,1695,29,145,0,No Failure
9731,L56910,L,298.8,310,1528,36.7,147,0,No Failure
9732,L56911,L,298.8,310,1389,49.6,149,0,No Failure
9733,L56912,L,298.9,310,2231,17.4,151,0,No Failure
9734,M24593,M,298.9,310.1,1442,42.9,153,0,No Failure
9735,H39148,H,298.9,310.1,1458,44.3,156,0,No Failure
9736,L56915,L,299,310.1,1444,47.7,161,0,No Failure
9737,M24596,M,298.9,310,1348,58.2,163,0,No Failure
9738,L56917,L,298.9,310,1791,27.6,166,0,No Failure
9739,L56918,L,299,310,1509,38,168,0,No Failure
9740,L56919,L,298.9,310,1515,42.9,170,0,No Failure
9741,M24600,M,298.9,310.1,1655,31.5,172,0,No Failure
9742,L56921,L,298.9,310.1,1495,42.9,175,0,No Failure
9743,L56922,L,298.9,310.2,1623,37.2,177,0,No Failure
9744,L56923,L,298.9,310.2,1562,42.5,179,0,No Failure
9745,L56924,L,298.8,310.1,1574,36.2,181,0,No Failure
9746,L56925,L,298.8,310,1611,32.4,183,0,No Failure
9747,L56926,L,298.8,310,1403,45.6,185,0,No Failure
9748,L56927,L,298.8,310.1,1481,47.4,187,0,No Failure
9749,M24608,M,298.9,310.1,1441,41.2,189,0,No Failure
9750,H39163,H,298.8,310.1,1483,45.4,192,0,No Failure
9751,L56930,L,298.7,310,1555,32.6,197,0,No Failure
9752,L56931,L,298.6,309.9,1615,28.8,199,0,No Failure
9753,L56932,L,298.6,309.8,1561,32.6,201,0,No Failure
9754,L56933,L,298.5,309.8,1593,35.1,203,0,No Failure
9755,M24614,M,298.5,309.7,1552,34,205,0,No Failure
9756,H39169,H,298.5,309.7,1561,35.3,208,0,No Failure
9757,L56936,L,298.6,309.8,1597,35.9,213,0,No Failure
9758,M24617,M,298.6,309.9,1517,34,215,0,No Failure
9759,L56938,L,298.6,309.8,2271,16.2,218,1,Tool Wear Failure
9760,L56939,L,298.5,309.7,1613,36.7,0,0,No Failure
9761,M24620,M,298.5,309.6,1509,47.3,2,0,No Failure
9762,L56941,L,298.6,309.7,1703,26.1,5,0,No Failure
9763,L56942,L,298.6,309.7,1925,22.1,7,0,No Failure
9764,M24623,M,298.6,309.6,1635,29.7,9,0,No Failure
9765,L56944,L,298.5,309.5,1294,66.7,12,1,Power Failure
9766,L56945,L,298.6,309.6,1472,39.1,14,0,No Failure
9767,H39180,H,298.6,309.6,1449,42.5,16,0,No Failure
9768,L56947,L,298.6,309.6,1563,35,21,0,No Failure
9769,L56948,L,298.6,309.6,1611,35.7,23,0,No Failure
9770,L56949,L,298.6,309.6,1386,48.6,25,0,No Failure
9771,H39184,H,298.6,309.5,1584,31.8,27,0,No Failure
9772,M24631,M,298.7,309.6,1424,50.4,32,0,No Failure
9773,L56952,L,298.5,309.5,1561,34.8,35,0,No Failure
9774,L56953,L,298.5,309.4,1560,37.9,37,0,No Failure
9775,H39188,H,298.6,309.5,1375,41,39,0,No Failure
9776,M24635,M,298.6,309.5,1684,27.8,44,0,No Failure
9777,M24636,M,298.6,309.6,1397,54.1,47,0,No Failure
9778,L56957,L,298.6,309.6,1387,57.6,50,0,No Failure
9779,H39192,H,298.7,309.7,1311,54.5,52,0,No Failure
9780,L56959,L,298.8,309.8,1509,36.2,57,0,No Failure
9781,M24640,M,298.8,309.8,1477,46.7,59,0,No Failure
9782,L56961,L,298.8,309.9,1441,41.6,62,0,No Failure
9783,L56962,L,298.7,309.9,1404,47.1,64,0,No Failure
9784,H39197,H,298.8,309.9,1466,44.6,66,0,No Failure
9785,M24644,M,298.7,309.8,1435,48.8,71,0,No Failure
9786,H39199,H,298.7,309.7,1697,29.8,74,0,No Failure
9787,M24646,M,298.7,309.6,1738,27.3,79,0,No Failure
9788,H39201,H,298.6,309.5,1420,50.4,82,0,No Failure
9789,M24648,M,298.5,309.5,1535,39.8,87,0,No Failure
9790,L56969,L,298.6,309.6,1715,28.4,90,0,No Failure
9791,L56970,L,298.6,309.5,1483,43.2,92,0,No Failure
9792,M24651,M,298.5,309.4,1521,37.5,94,0,No Failure
9793,H39206,H,298.5,309.4,1573,36,97,0,No Failure
9794,H39207,H,298.5,309.4,1414,46.7,102,0,No Failure
9795,L56974,L,298.5,309.3,1590,33.9,107,0,No Failure
9796,L56975,L,298.5,309.3,1623,33.1,109,0,No Failure
9797,H39210,H,298.4,309.3,1694,30.9,111,0,No Failure
9798,M24657,M,298.4,309.2,1597,33.5,116,0,No Failure
9799,L56978,L,298.5,309.3,1471,44.7,119,0,No Failure
9800,M24659,M,298.5,309.3,1551,34.7,121,0,No Failure
9801,H39214,H,298.5,309.3,1421,50.3,124,0,No Failure
9802,M24661,M,298.4,309.3,1496,45.6,129,0,No Failure
9803,H39216,H,298.4,309.3,1984,19.2,132,0,No Failure
9804,L56983,L,298.4,309.2,1692,29.8,137,0,No Failure
9805,L56984,L,298.4,309.1,1467,42.5,139,0,No Failure
9806,L56985,L,298.4,309.2,1651,28.5,141,0,No Failure
9807,L56986,L,298.3,309.1,1417,60.5,143,0,No Failure
9808,L56987,L,298.2,309,1413,55,145,0,No Failure
9809,M24668,M,298.2,309,1441,44.2,147,0,No Failure
9810,M24669,M,298.2,309,1353,50.3,150,0,No Failure
9811,L56990,L,298.1,309,1502,40.9,153,0,No Failure
9812,L56991,L,298.2,309,1610,31.7,155,0,No Failure
9813,M24672,M,298.2,309.1,1411,45.8,157,0,No Failure
9814,L56993,L,298.3,309.1,1387,52.3,160,0,No Failure
9815,H39228,H,298.3,309.1,1430,40.9,162,0,No Failure
9816,M24675,M,298.4,309.1,1576,38.8,167,0,No Failure
9817,M24676,M,298.5,309.2,1721,29.4,170,0,No Failure
9818,M24677,M,298.5,309.3,1465,42.4,173,0,No Failure
9819,M24678,M,298.6,309.4,1407,45.1,176,0,No Failure
9820,M24679,M,298.6,309.4,1464,36.9,179,0,No Failure
9821,M24680,M,298.6,309.5,1568,36.7,182,0,No Failure
9822,L57001,L,298.6,309.4,1667,35.6,185,0,No Failure
9823,L57002,L,298.5,309.4,1360,60.9,187,1,Overstrain Failure
9824,M24683,M,298.5,309.3,1488,43.7,189,0,No Failure
9825,L57004,L,298.4,309.3,1504,39.3,192,0,No Failure
9826,L57005,L,298.4,309.2,1610,32.4,194,0,No Failure
9827,L57006,L,298.4,309.2,1345,52.7,196,0,No Failure
9828,M24687,M,298.3,309.3,1376,57,198,0,No Failure
9829,L57008,L,298.4,309.4,1385,50,201,0,No Failure
9830,M24689,M,298.4,309.4,1429,41.8,203,0,No Failure
9831,L57010,L,298.3,309.3,1337,56.1,206,1,Overstrain Failure
9832,L57011,L,298.4,309.3,1542,35.4,208,0,No Failure
9833,L57012,L,298.4,309.2,2118,17.7,210,0,No Failure
9834,L57013,L,298.3,309.1,1386,45.3,212,0,No Failure
9835,M24694,M,298.3,309.1,1632,32.7,0,0,No Failure
9836,L57015,L,298.4,309.3,1545,36.9,3,0,No Failure
9837,M24696,M,298.4,309.3,1390,53.6,5,0,No Failure
9838,M24697,M,298.4,309.3,1355,50.6,8,0,No Failure
9839,L57018,L,298.4,309.2,1425,45.5,11,0,No Failure
9840,M24699,M,298.4,309.2,1491,51.2,13,0,No Failure
9841,H39254,H,298.3,309.2,1486,42.4,16,0,No Failure
9842,M24701,M,298.3,309.2,1359,51.4,21,0,No Failure
9843,L57022,L,298.4,309.3,1395,47.6,24,0,No Failure
9844,L57023,L,298.3,309.2,1383,52.1,26,0,No Failure
9845,H39258,H,298.3,309.1,1484,37,28,0,No Failure
9846,L57025,L,298.3,309.1,1421,47.4,33,0,No Failure
9847,L57026,L,298.3,309,1339,58.8,35,0,No Failure
9848,L57027,L,298.4,309.1,1362,46.1,37,0,No Failure
9849,H39262,H,298.5,309.2,1568,40.6,39,0,No Failure
9850,L57029,L,298.6,309.4,2312,15.5,44,0,No Failure
9851,M24710,M,298.5,309.3,1498,34.6,46,0,No Failure
9852,M24711,M,298.5,309.3,1761,27.2,49,0,No Failure
9853,L57032,L,298.6,309.4,1316,51.4,52,0,No Failure
9854,L57033,L,298.6,309.4,1525,37.8,54,0,No Failure
9855,H39268,H,298.6,309.4,1362,45.3,56,0,No Failure
9856,L57035,L,298.7,309.6,1516,38.5,61,0,No Failure
9857,L57036,L,298.6,309.5,1450,44.2,63,0,No Failure
9858,M24717,M,298.6,309.5,1366,55,65,0,No Failure
9859,L57038,L,298.5,309.5,1547,33.1,68,0,No Failure
9860,M24719,M,298.6,309.5,1580,33.9,70,0,No Failure
9861,H39274,H,298.7,309.6,1755,26.9,73,0,No Failure
9862,M24721,M,298.7,309.6,1800,24.8,78,0,No Failure
9863,M24722,M,298.8,309.7,1439,45.8,81,0,No Failure
9864,L57043,L,298.9,309.8,1411,56.3,84,0,No Failure
9865,M24724,M,298.9,309.9,1645,31.4,86,0,No Failure
9866,M24725,M,298.9,309.8,2450,13.9,89,0,No Failure
9867,L57046,L,299,309.9,1630,34,92,0,No Failure
9868,L57047,L,299,309.9,1411,44.7,94,0,No Failure
9869,L57048,L,298.9,309.9,1526,35.4,96,0,No Failure
9870,L57049,L,298.9,309.9,1590,31.3,98,0,No Failure
9871,H39284,H,299,309.9,1884,25.6,100,0,No Failure
9872,M24731,M,298.9,309.8,1947,21.7,105,0,No Failure
9873,L57052,L,298.9,309.9,1373,52.1,108,0,No Failure
9874,L57053,L,298.9,309.8,1616,36.5,110,0,No Failure
9875,M24734,M,298.9,309.9,1449,44.1,112,0,No Failure
9876,M24735,M,298.9,309.8,1363,50.6,115,0,No Failure
9877,H39290,H,298.8,309.7,1461,55.1,118,0,No Failure
9878,L57057,L,298.8,309.7,1374,58.6,123,0,No Failure
9879,L57058,L,298.7,309.7,1293,59.1,125,0,No Failure
9880,M24739,M,298.8,309.8,1490,38.6,127,0,No Failure
9881,L57060,L,298.8,309.8,1753,27.5,130,0,No Failure
9882,L57061,L,298.8,309.8,1493,38.5,132,0,No Failure
9883,L57062,L,298.8,309.8,1895,22,134,0,No Failure
9884,H39297,H,298.7,309.6,1654,34.3,136,0,No Failure
9885,L57064,L,298.7,309.5,1673,30.8,141,0,No Failure
9886,L57065,L,298.8,309.6,1613,27.7,143,0,No Failure
9887,L57066,L,298.8,309.6,1903,22.3,145,0,No Failure
9888,L57067,L,298.8,309.5,1368,44.7,147,0,No Failure
9889,M24748,M,298.8,309.6,1575,34.4,149,0,No Failure
9890,H39303,H,298.8,309.6,1516,40.2,152,0,No Failure
9891,L57070,L,298.8,309.5,1645,32.8,157,0,No Failure
9892,L57071,L,298.8,309.5,1374,48.1,159,0,No Failure
9893,H39306,H,298.9,309.7,1407,48.6,161,0,No Failure
9894,M24753,M,298.9,309.6,1284,55.3,166,0,No Failure
9895,L57074,L,298.9,309.5,1645,31.1,169,0,No Failure
9896,L57075,L,298.8,309.4,1387,54.1,171,0,No Failure
9897,M24756,M,298.8,309.3,1618,35.1,173,0,No Failure
9898,L57077,L,298.8,309.3,1357,47.1,176,0,No Failure
9899,L57078,L,298.7,309.2,1396,44.8,178,0,No Failure
9900,L57079,L,298.7,309.2,1586,31.4,180,0,No Failure
9901,H39314,H,298.7,309.2,1449,42.3,182,0,No Failure
9902,M24761,M,298.7,309.2,1423,48.9,187,0,No Failure
9903,H39316,H,298.7,309.3,1402,45.3,190,0,No Failure
9904,M24763,M,298.7,309.2,1437,45.7,195,0,No Failure
9905,L57084,L,298.6,309.1,1537,35.7,198,0,No Failure
9906,M24765,M,298.7,309.1,1423,49.5,200,0,No Failure
9907,M24766,M,298.6,309.1,1587,37.3,203,0,No Failure
9908,M24767,M,298.6,309.1,1487,43.2,206,0,No Failure
9909,L57088,L,298.6,309,1456,47.7,0,0,No Failure
9910,L57089,L,298.7,309.1,1607,32.7,2,0,No Failure
9911,L57090,L,298.6,309,1469,46,4,0,No Failure
9912,M24771,M,298.6,309,1481,40.8,6,0,No Failure
9913,L57092,L,298.6,308.9,1327,58.8,9,0,No Failure
9914,L57093,L,298.5,308.8,1589,30.6,11,0,No Failure
9915,L57094,L,298.5,308.8,1670,29.6,13,0,No Failure
9916,M24775,M,298.5,308.7,1662,28.3,15,0,No Failure
9917,M24776,M,298.5,308.8,1553,34.9,18,0,No Failure
9918,M24777,M,298.5,308.8,1557,36,21,0,No Failure
9919,L57098,L,298.4,308.8,1352,56.7,24,0,No Failure
9920,L57099,L,298.5,308.8,1305,58.7,26,0,No Failure
9921,H39334,H,298.5,308.7,1450,43.9,28,0,No Failure
9922,M24781,M,298.5,308.7,1347,48.5,33,0,No Failure
9923,H39336,H,298.6,308.8,1566,39.1,36,0,No Failure
9924,M24783,M,298.5,308.7,1615,33.3,41,0,No Failure
9925,M24784,M,298.5,308.6,1384,54.4,44,0,No Failure
9926,M24785,M,298.5,308.7,1367,47.3,47,0,No Failure
9927,M24786,M,298.5,308.6,1897,20.2,50,0,No Failure
9928,L57107,L,298.5,308.6,1522,36.9,53,0,No Failure
9929,M24788,M,298.4,308.5,1576,27.4,55,0,No Failure
9930,H39343,H,298.4,308.4,1479,39.2,58,0,No Failure
9931,L57110,L,298.3,308.3,1452,45.5,63,0,No Failure
9932,L57111,L,298.3,308.3,1432,46.9,65,0,No Failure
9933,L57112,L,298.3,308.2,1663,28.4,67,0,No Failure
9934,L57113,L,298.3,308.3,1597,32.4,69,0,No Failure
9935,L57114,L,298.3,308.2,1472,44.3,71,0,No Failure
9936,L57115,L,298.4,308.3,1452,48.5,73,0,No Failure
9937,H39350,H,298.3,308.2,1534,33.2,75,0,No Failure
9938,L57117,L,298.3,308.1,1505,46.1,80,0,No Failure
9939,L57118,L,298.3,308.1,1528,33.9,82,0,No Failure
9940,H39353,H,298.3,308.1,2636,12.8,84,0,No Failure
9941,M24800,M,298.3,308.1,1722,28.6,89,0,No Failure
9942,L57121,L,298.4,308.1,1395,44,92,0,No Failure
9943,L57122,L,298.4,308.1,1375,50.8,94,0,No Failure
9944,M24803,M,298.3,308,1766,26,96,0,No Failure
9945,L57124,L,298.3,307.9,1399,47.8,99,0,No Failure
9946,L57125,L,298.3,308,1578,37.8,101,0,No Failure
9947,L57126,L,298.3,307.9,1502,42,103,0,No Failure
9948,M24807,M,298.2,307.9,1529,36.6,105,0,No Failure
9949,L57128,L,298.2,307.8,1804,25.1,108,0,No Failure
9950,M24809,M,298.2,307.8,1411,53.4,110,0,No Failure
9951,L57130,L,298.1,307.8,1413,54.1,113,0,No Failure
9952,L57131,L,298.2,307.8,1355,59.4,115,0,No Failure
9953,L57132,L,298.2,307.8,1429,46.9,117,0,No Failure
9954,L57133,L,298.1,307.8,1565,35.3,119,0,No Failure
9955,M24814,M,298.1,307.9,1446,42.8,121,0,No Failure
9956,M24815,M,298.2,307.9,1462,38.8,124,0,No Failure
9957,M24816,M,298.2,307.8,1578,34.5,127,0,No Failure
9958,L57137,L,298.1,307.8,1606,33,130,0,No Failure
9959,M24818,M,298.1,307.8,1525,35.9,132,0,No Failure
9960,L57139,L,298.1,307.8,1379,49.1,135,0,No Failure
9961,L57140,L,298.2,307.8,1575,35,137,0,No Failure
9962,L57141,L,298.2,307.9,1399,54.9,139,0,No Failure
9963,L57142,L,298.2,307.9,1429,49.4,141,0,No Failure
9964,L57143,L,298.3,307.9,1435,39.9,143,0,No Failure
9965,L57144,L,298.3,307.9,1766,26.5,145,0,No Failure
9966,L57145,L,298.3,307.9,1703,28.9,147,0,No Failure
9967,L57146,L,298.3,307.9,1507,41.2,149,0,No Failure
9968,M24827,M,298.3,307.9,1609,32.4,151,0,No Failure
9969,L57148,L,298.4,308,1605,32.4,154,0,No Failure
9970,L57149,L,298.4,308.1,1491,50,156,0,No Failure
9971,H39384,H,298.4,308.1,1891,24.7,158,0,No Failure
9972,H39385,H,298.5,308.2,1563,44.6,163,0,No Failure
9973,L57152,L,298.6,308.2,1390,51.4,168,0,No Failure
9974,L57153,L,298.5,308.2,1444,40.5,170,0,No Failure
9975,L57154,L,298.6,308.2,1361,68.2,172,1,Power Failure
9976,M24835,M,298.6,308.3,1589,34.1,174,0,No Failure
9977,L57156,L,298.6,308.2,1705,26.3,177,0,No Failure
9978,L57157,L,298.6,308.3,1422,40.4,179,0,No Failure
9979,H39392,H,298.6,308.3,1377,52.1,181,0,No Failure
9980,L57159,L,298.5,308.3,1334,49.8,186,0,No Failure
9981,L57160,L,298.6,308.4,1559,36.6,188,0,No Failure
9982,L57161,L,298.7,308.5,1353,47,190,0,No Failure
9983,M24842,M,298.7,308.4,1507,45.7,192,0,No Failure
9984,L57163,L,298.7,308.4,1694,28.7,195,0,No Failure
9985,H39398,H,298.7,308.4,1432,42.8,197,0,No Failure
9986,H39399,H,298.7,308.5,1572,35.6,202,0,No Failure
9987,M24846,M,298.8,308.6,1507,42.3,207,0,No Failure
9988,M24847,M,298.8,308.6,1500,37.1,210,0,No Failure
9989,L57168,L,298.9,308.6,1771,24.1,213,0,No Failure
9990,M24849,M,298.8,308.5,1577,33.2,0,0,No Failure
9991,L57170,L,298.8,308.5,1527,36.2,3,0,No Failure
9992,M24851,M,298.9,308.4,1827,26.1,5,0,No Failure
9993,L57172,L,298.8,308.4,1484,39.2,8,0,No Failure
9994,L57173,L,298.8,308.4,1401,47.3,10,0,No Failure
9995,L57174,L,298.8,308.3,1634,27.9,12,0,No Failure
9996,M24855,M,298.8,308.4,1604,29.5,14,0,No Failure
9997,H39410,H,298.9,308.4,1632,31.8,17,0,No Failure
9998,M24857,M,299,308.6,1645,33.4,22,0,No Failure
9999,H39412,H,299,308.7,1408,48.5,25,0,No Failure
10000,M24859,M,299,308.7,1500,40.2,30,0,No Failure